yearID,lgID,teamID,franchID,divID,Rank,G,Ghome,W,L,DivWin,WCWin,LgWin,WSWin,R,AB,H,X2B,X3B,HR,BB,SO,SB,CS,HBP,SF,RA,ER,ERA,CG,SHO,SV,IPouts,HA,HRA,BBA,SOA,E,DP,FP,name,park,attendance,BPF,PPF,teamIDBR,teamIDlahman45,teamIDretro
2012,NL,ARI,ARI,W,3,162,81,81,81,N,N,N,N,734,5462,1416,307,33,165,539,1266,93,51,41,45,688,626,3.93,4,9,39,4301,1432,155,417,1200,90,146,0.985,Arizona Diamondbacks,Chase Field,2177617,105,106,ARI,ARI,ARI
2012,NL,ATL,ATL,E,2,162,81,94,68,N,Y,N,N,700,5425,1341,263,30,149,567,1289,101,32,34,46,600,549,3.42,5,16,47,4336,1310,145,464,1232,86,147,0.986,Atlanta Braves,Turner Field,2420171,102,101,ATL,ATL,ATL
2012,AL,BAL,BAL,E,2,162,81,93,69,N,Y,N,N,712,5560,1375,270,16,214,480,1315,58,29,50,30,705,642,3.9,1,10,55,4449,1433,184,481,1177,106,151,0.983,Baltimore Orioles,Oriole Park at Camden Yards,2102240,102,103,BAL,BAL,BAL
2012,AL,BOS,BOS,E,5,162,81,69,93,N,N,N,N,734,5604,1459,339,16,165,428,1197,97,31,45,55,806,754,4.7,6,4,35,4329,1449,190,529,1176,101,159,0.983,Boston Red Sox,Fenway Park II,3043003,106,106,BOS,BOS,BOS
2012,AL,CHA,CHW,C,2,162,81,85,77,N,N,N,N,748,5518,1409,228,29,211,461,1203,109,43,65,36,676,646,4.02,6,11,37,4337,1365,186,503,1246,70,154,0.988,Chicago White Sox,U.S. Cellular Field,1965955,106,106,CHW,CHA,CHA
2012,NL,CHN,CHC,C,5,162,81,61,101,N,N,N,N,613,5411,1297,265,36,137,447,1235,94,45,43,24,759,708,4.51,1,9,28,4241,1399,175,573,1128,105,148,0.982,Chicago Cubs,Wrigley Field,2882756,98,99,CHC,CHN,CHN
2012,NL,CIN,CIN,C,1,162,81,97,65,Y,N,N,N,669,5477,1377,296,30,172,481,1266,87,27,47,37,588,540,3.34,9,12,56,4359,1356,152,427,1248,89,113,0.985,Cincinnati Reds,Great American Ball Park,2347251,107,107,CIN,CIN,CIN
2012,AL,CLE,CLE,C,4,162,81,68,94,N,N,N,N,667,5525,1385,266,24,136,555,1087,110,44,59,39,845,766,4.78,2,6,43,4326,1503,174,543,1086,96,157,0.984,Cleveland Indians,Progressive Field,1603596,93,95,CLE,CLE,CLE
2012,NL,COL,COL,W,5,162,81,64,98,N,N,N,N,758,5577,1526,306,52,166,450,1213,100,40,36,39,890,824,5.22,0,7,36,4266,1637,198,566,1144,122,139,0.98,Colorado Rockies,Coors Field,2630458,120,121,COL,COL,COL
2012,AL,DET,DET,C,1,162,81,88,74,Y,N,Y,N,726,5476,1467,279,39,163,511,1103,59,23,57,39,670,596,3.75,9,8,40,4292,1409,151,438,1318,99,127,0.983,Detroit Tigers,Comerica Park,3028033,104,103,DET,DET,DET
2012,NL,HOU,HOU,C,6,162,81,55,107,N,N,N,N,583,5407,1276,238,28,146,463,1365,105,46,58,30,794,721,4.56,3,11,31,4270,1493,173,540,1170,118,132,0.981,Houston Astros,Minute Maid Park,1607733,99,101,HOU,HOU,HOU
2012,AL,KCA,KCR,C,3,162,81,72,90,N,N,N,N,676,5636,1492,295,37,131,404,1032,132,38,42,41,746,693,4.3,2,12,44,4354,1504,163,542,1177,113,171,0.981,Kansas City Royals,Kauffman Stadium,1739859,100,100,KCR,KCA,KCA
2012,AL,LAA,ANA,W,3,162,81,89,73,N,N,N,N,767,5536,1518,273,22,187,449,1113,134,33,47,41,699,640,4.02,6,16,38,4300,1339,186,483,1157,98,141,0.984,Los Angeles Angels of Anaheim,Angel Stadium of Anaheim,3061770,92,92,LAA,ANA,ANA
2012,NL,LAN,LAD,W,2,162,81,86,76,N,N,N,N,637,5438,1369,269,23,116,481,1156,104,44,52,38,597,538,3.34,2,10,40,4349,1277,122,539,1276,98,138,0.984,Los Angeles Dodgers,Dodger Stadium,3324246,96,96,LAD,LAN,LAN
2012,NL,MIA,FLA,E,5,162,81,69,93,N,N,N,N,609,5437,1327,261,39,137,484,1228,149,41,35,40,724,655,4.09,5,7,38,4322,1448,133,495,1113,103,154,0.983,Miami Marlins,Marlins Park,2219444,100,100,MIA,FLO,MIA
2012,NL,MIL,MIL,C,3,162,81,83,79,N,N,N,N,776,5557,1442,300,39,202,466,1240,158,39,90,35,733,682,4.22,0,9,44,4361,1458,169,525,1402,99,133,0.983,Milwaukee Brewers,Miller Park,2831385,104,104,MIL,ML4,MIL
2012,AL,MIN,MIN,C,5,162,81,66,96,N,N,N,N,701,5562,1448,270,30,131,505,1069,135,37,53,56,832,762,4.77,3,6,35,4316,1536,198,465,943,107,188,0.983,Minnesota Twins,Target Field,2776354,97,99,MIN,MIN,MIN
2012,AL,NYA,NYY,E,1,162,81,95,67,Y,N,N,N,804,5524,1462,280,13,245,565,1176,93,27,62,49,668,617,3.84,6,9,51,4336,1401,190,431,1318,75,135,0.987,New York Yankees,Yankee Stadium III,3542406,103,102,NYY,NYA,NYA
2012,NL,NYN,NYM,E,4,162,81,74,88,N,N,N,N,650,5450,1357,286,21,139,503,1250,79,38,42,30,709,651,4.09,7,13,36,4302,1368,161,488,1240,101,135,0.983,New York Mets,Citi Field,2242803,96,97,NYM,NYN,NYN
2012,AL,OAK,OAK,W,1,162,81,94,68,Y,N,N,N,713,5527,1315,267,32,195,550,1387,122,32,45,34,614,569,3.48,1,13,47,4410,1360,147,462,1136,111,135,0.982,Oakland Athletics,O.co Coliseum,1679013,97,97,OAK,OAK,OAK
2012,NL,PHI,PHI,E,3,162,81,81,81,N,N,N,N,684,5544,1414,271,28,158,454,1094,116,23,63,39,680,618,3.83,5,11,42,4354,1387,178,409,1385,101,118,0.983,Philadelphia Phillies,Citizens Bank Park,3565718,102,101,PHI,PHI,PHI
2012,NL,PIT,PIT,C,4,162,81,79,83,N,N,N,N,651,5412,1313,241,37,170,444,1354,73,52,51,45,674,615,3.86,2,10,45,4300,1357,153,490,1192,112,126,0.982,Pittsburgh Pirates,PNC Park,2091918,93,94,PIT,PIT,PIT
2012,NL,SDN,SDP,W,4,162,81,76,86,N,N,N,N,651,5422,1339,272,43,121,539,1238,155,46,54,34,710,640,4.01,4,11,43,4304,1356,162,539,1205,121,97,0.98,San Diego Padres,Petco Park,2123721,92,92,SDP,SDN,SDN
2012,AL,SEA,SEA,W,4,162,81,75,87,N,N,N,N,619,5494,1285,241,27,149,466,1259,104,35,30,35,651,608,3.76,8,11,43,4370,1359,166,449,1166,72,155,0.988,Seattle Mariners,Safeco Field,1721920,90,91,SEA,SEA,SEA
2012,NL,SFN,SFG,W,1,162,81,94,68,Y,N,Y,Y,718,5558,1495,287,57,103,483,1097,118,39,29,61,649,593,3.68,5,14,53,4353,1361,142,489,1237,115,134,0.981,San Francisco Giants,AT&T Park,3377371,88,88,SFG,SFN,SFN
2012,NL,SLN,STL,C,2,162,81,88,74,N,Y,N,N,765,5622,1526,290,37,159,533,1192,91,37,53,49,648,603,3.71,4,10,42,4388,1420,134,436,1218,107,149,0.983,St. Louis Cardinals,Busch Stadium III,3262109,98,97,STL,SLN,SLN
2012,AL,TBA,TBD,E,3,162,81,90,72,N,N,N,N,697,5398,1293,250,30,175,571,1323,134,44,58,42,577,518,3.19,7,15,50,4379,1233,139,469,1383,114,155,0.981,Tampa Bay Rays,Tropicana Field,1559681,94,93,TBR,TBA,TBA
2012,AL,TEX,TEX,W,2,162,81,93,69,N,Y,N,N,808,5590,1526,303,32,200,478,1103,91,44,57,53,707,639,3.99,7,10,43,4326,1378,175,446,1286,85,136,0.986,Texas Rangers,Rangers Ballpark in Arlington,3460280,112,111,TEX,TEX,TEX
2012,AL,TOR,TOR,E,4,162,81,73,89,N,N,N,N,716,5487,1346,247,22,198,473,1251,123,41,55,45,784,745,4.64,5,11,29,4331,1439,204,574,1142,101,167,0.984,Toronto Blue Jays,Rogers Centre,2099663,103,104,TOR,TOR,TOR
2012,NL,WAS,WSN,E,1,162,81,98,64,Y,N,N,N,731,5615,1468,301,25,194,479,1325,105,35,41,36,594,543,3.33,3,9,51,4405,1296,129,497,1325,94,134,0.985,Washington Nationals,Nationals Park,2370794,99,101,WSN,MON,WAS
2013,NL,ARI,ARI,W,2,162,81,81,81,N,N,N,N,685,5676,1468,302,31,130,519,1142,62,41,43,43,695,651,3.92,6,7,38,4485,1460,176,485,1218,75,135,0.988,Arizona Diamondbacks,Chase Field,2134795,102,102,ARI,ARI,ARI
2013,NL,ATL,ATL,E,1,162,81,96,66,Y,N,N,N,688,5441,1354,247,21,181,542,1384,64,31,55,35,548,512,3.18,1,12,53,4351,1326,127,409,1232,85,141,0.986,Atlanta Braves,Turner Field,2548679,104,103,ATL,ATL,ATL
2013,AL,BAL,BAL,E,3,162,81,85,77,N,N,N,N,745,5620,1460,298,14,212,416,1125,79,29,36,45,709,678,4.2,2,6,57,4359,1438,202,473,1169,54,165,0.991,Baltimore Orioles,Oriole Park at Camden Yards,2357561,106,105,BAL,BAL,BAL
2013,AL,BOS,BOS,E,1,162,81,97,65,Y,N,Y,Y,853,5651,1566,363,29,178,581,1308,123,19,72,50,656,613,3.79,5,8,33,4362,1366,156,524,1294,80,142,0.987,Boston Red Sox,Fenway Park II,2833333,102,102,BOS,BOS,BOS
2013,AL,CHA,CHW,C,5,162,81,63,99,N,N,N,N,598,5563,1385,237,19,148,411,1207,105,42,34,48,723,643,3.98,5,5,40,4365,1424,182,509,1249,121,155,0.98,Chicago White Sox,U.S. Cellular Field,1768413,107,107,CHW,CHA,CHA
2013,NL,CHN,CHC,C,5,162,81,66,96,N,N,N,N,602,5498,1307,297,18,172,439,1230,63,32,67,30,689,643,4,3,6,39,4344,1332,160,540,1184,100,129,0.983,Chicago Cubs,Wrigley Field,2642682,104,105,CHC,CHN,CHN
2013,NL,CIN,CIN,C,3,162,80,90,72,N,Y,N,N,698,5499,1370,274,20,155,585,1245,67,35,76,46,589,554,3.38,5,17,43,4421,1294,170,435,1296,76,131,0.988,Cincinnati Reds,Great American Ball Park,2534369,103,102,CIN,CIN,CIN
2013,AL,CLE,CLE,C,2,162,81,92,70,N,Y,N,N,745,5465,1391,290,23,171,562,1283,117,36,51,56,662,611,3.82,3,16,38,4324,1359,147,554,1379,98,135,0.983,Cleveland Indians,Progressive Field,1572926,93,94,CLE,CLE,CLE
2013,NL,COL,COL,W,5,162,81,74,88,N,N,N,N,706,5599,1511,283,36,159,427,1204,112,32,26,35,760,708,4.44,1,5,35,4308,1545,136,517,1064,90,162,0.986,Colorado Rockies,Coors Field,2793828,117,118,COL,COL,COL
2013,AL,DET,DET,C,1,162,81,93,69,Y,N,N,N,796,5735,1625,292,23,176,531,1073,35,20,43,47,624,587,3.61,3,12,39,4388,1369,128,462,1428,76,136,0.987,Detroit Tigers,Comerica Park,3083397,106,105,DET,DET,DET
2013,AL,HOU,HOU,W,5,162,81,51,111,N,N,N,N,610,5457,1307,266,16,148,426,1535,110,61,52,38,848,766,4.79,2,5,32,4320,1530,191,616,1084,125,168,0.979,Houston Astros,Minute Maid Park,1651883,99,101,HOU,HOU,HOU
2013,AL,KCA,KCR,C,3,162,81,86,76,N,N,N,N,648,5549,1443,254,34,112,422,1048,153,32,42,42,601,555,3.45,5,12,52,4345,1366,155,469,1208,85,136,0.986,Kansas City Royals,Kauffman Stadium,1750754,103,103,KCR,KCA,KCA
2013,AL,LAA,ANA,W,3,162,81,78,84,N,N,N,N,733,5588,1476,270,39,164,523,1221,82,34,48,64,737,685,4.23,4,12,41,4373,1475,167,533,1200,112,135,0.981,Los Angeles Angels of Anaheim,Angel Stadium of Anaheim,3019505,94,94,LAA,ANA,ANA
2013,NL,LAN,LAD,W,1,162,81,92,70,Y,N,N,N,649,5491,1447,281,17,138,476,1146,78,28,57,48,582,524,3.25,7,22,46,4351,1321,127,460,1292,109,160,0.982,Los Angeles Dodgers,Dodger Stadium,3743527,95,95,LAD,LAN,LAN
2013,NL,MIA,FLA,E,5,162,81,62,100,N,N,N,N,513,5449,1257,219,31,95,432,1232,78,29,56,26,646,602,3.71,2,13,36,4380,1376,121,526,1177,88,144,0.986,Miami Marlins,Marlins Park,1586322,102,103,MIA,FLO,MIA
2013,NL,MIL,MIL,C,4,162,81,74,88,N,N,N,N,640,5474,1381,238,43,157,407,1183,142,50,71,35,687,615,3.84,4,15,40,4328,1401,175,466,1125,114,153,0.981,Milwaukee Brewers,Miller Park,2531105,105,105,MIL,ML4,MIL
2013,AL,MIN,MIN,C,4,162,81,66,96,N,N,N,N,614,5564,1346,285,15,151,533,1430,52,33,52,32,788,733,4.55,1,7,40,4351,1591,168,458,985,81,178,0.987,Minnesota Twins,Target Field,2477644,99,101,MIN,MIN,MIN
2013,AL,NYA,NYY,E,4,162,81,85,77,N,N,N,N,650,5449,1321,247,24,144,466,1214,115,31,57,36,671,633,3.94,7,10,49,4342,1452,171,437,1233,69,139,0.988,New York Yankees,Yankee Stadium III,3279589,102,101,NYY,NYA,NYA
2013,NL,NYN,NYM,E,4,162,81,74,88,N,N,N,N,619,5559,1318,263,32,130,512,1384,114,35,51,32,684,618,3.77,4,10,40,4430,1442,152,458,1209,93,127,0.985,New York Mets,Citi Field,2135657,94,95,NYM,NYN,NYN
2013,AL,OAK,OAK,W,1,162,81,96,66,Y,N,N,N,767,5521,1403,301,25,186,573,1178,74,28,45,49,625,574,3.56,6,13,46,4356,1339,163,428,1183,97,112,0.983,Oakland Athletics,O.co Coliseum,1809302,95,93,OAK,OAK,OAK
2013,NL,PHI,PHI,E,4,162,81,73,89,N,N,N,N,610,5456,1355,255,32,140,417,1205,73,29,53,31,749,689,4.32,6,3,32,4309,1465,152,506,1199,97,141,0.984,Philadelphia Phillies,Citizens Bank Park,3012403,101,102,PHI,PHI,PHI
2013,NL,PIT,PIT,C,2,162,81,94,68,N,Y,N,N,634,5486,1346,273,35,161,469,1330,94,42,88,29,577,533,3.26,3,16,55,4412,1299,101,515,1261,106,154,0.984,Pittsburgh Pirates,PNC Park,2256862,94,94,PIT,PIT,PIT
2013,NL,SDN,SDP,W,3,162,81,76,86,N,N,N,N,618,5517,1349,246,26,146,467,1309,118,34,52,34,700,643,3.98,3,6,40,4365,1407,156,525,1171,83,140,0.986,San Diego Padres,Petco Park,2166691,91,91,SDP,SDN,SDN
2013,AL,SEA,SEA,W,4,162,81,71,91,N,N,N,N,624,5558,1318,249,17,188,529,1353,49,23,31,28,754,702,4.31,4,14,43,4395,1467,174,478,1297,88,149,0.986,Seattle Mariners,Safeco Field,1761546,92,92,SEA,SEA,SEA
2013,NL,SFN,SFG,W,4,162,82,76,86,N,N,N,N,629,5552,1446,280,35,107,469,1078,67,26,39,42,691,643,4,2,13,41,4342,1380,145,521,1256,107,128,0.982,San Francisco Giants,AT&T Park,3326796,90,89,SFG,SFN,SFN
2013,NL,SLN,STL,C,1,162,81,97,65,Y,N,Y,N,783,5557,1494,322,20,125,481,1110,45,22,64,44,596,555,3.42,7,15,44,4379,1366,112,451,1254,75,177,0.988,St. Louis Cardinals,Busch Stadium III,3369769,99,97,STL,SLN,SLN
2013,AL,TBA,TBD,E,2,163,81,92,71,N,Y,N,N,700,5538,1421,296,23,165,589,1171,73,38,36,55,646,608,3.74,9,17,42,4392,1315,153,482,1310,59,147,0.99,Tampa Bay Rays,Tropicana Field,1510300,96,95,TBR,TBA,TBA
2013,AL,TEX,TEX,W,2,163,82,91,72,N,N,N,N,730,5585,1465,262,23,176,462,1067,149,46,61,42,636,589,3.62,4,10,46,4390,1370,157,498,1309,86,146,0.986,Texas Rangers,Rangers Ballpark in Arlington,3178273,104,103,TEX,TEX,TEX
2013,AL,TOR,TOR,E,5,162,81,74,88,N,N,N,N,712,5537,1398,273,24,185,510,1123,112,41,38,38,756,685,4.25,4,11,39,4356,1451,195,500,1208,111,145,0.982,Toronto Blue Jays,Rogers Centre,2536562,102,102,TOR,TOR,TOR
2013,NL,WAS,WSN,E,2,162,81,86,76,N,N,N,N,656,5436,1365,259,27,161,464,1192,88,28,40,39,626,576,3.59,6,13,47,4337,1367,142,405,1236,107,146,0.982,Washington Nationals,Nationals Park,2652422,102,101,WSN,MON,WAS
2014,NL,ARI,ARI,W,5,162,81,64,98,N,N,N,N,615,5552,1379,259,47,118,398,1165,86,33,43,36,742,683,4.26,2,4,35,4333,1467,154,469,1278,101,147,0.983,Arizona Diamondbacks,Chase Field,2073730,102,102,ARI,ARI,ARI
2014,NL,ATL,ATL,E,2,162,81,79,83,N,N,N,N,573,5468,1316,240,22,123,472,1369,95,33,43,27,597,547,3.38,5,13,54,4365,1369,121,472,1301,85,143,0.986,Atlanta Braves,Turner Field,2354305,99,99,ATL,ATL,ATL
2014,AL,BAL,BAL,E,1,162,81,96,66,Y,N,N,N,705,5596,1434,264,16,211,401,1285,44,20,62,36,593,557,3.43,3,13,53,4384,1342,151,472,1174,87,156,0.986,Baltimore Orioles,Oriole Park at Camden Yards,2464473,100,100,BAL,BAL,BAL
2014,AL,BOS,BOS,E,5,162,81,71,91,N,N,N,N,634,5551,1355,282,20,123,535,1337,63,25,68,52,715,653,4.01,3,7,36,4397,1458,154,482,1213,92,155,0.985,Boston Red Sox,Fenway Park II,2956089,102,101,BOS,BOS,BOS
2014,AL,CHA,CHW,C,4,162,81,73,89,N,N,N,N,660,5543,1400,279,32,155,417,1362,85,36,60,38,758,687,4.29,3,6,36,4323,1468,140,557,1152,107,170,0.982,Chicago White Sox,U.S. Cellular Field,1650821,100,101,CHW,CHA,CHA
2014,NL,CHN,CHC,C,5,162,81,73,89,N,N,N,N,614,5508,1315,270,31,157,442,1477,65,40,54,41,707,636,3.91,1,11,37,4390,1398,115,504,1311,103,137,0.983,Chicago Cubs,Wrigley Field,2652113,103,104,CHC,CHN,CHN
2014,NL,CIN,CIN,C,4,162,81,76,86,N,N,N,N,595,5395,1282,254,20,131,415,1252,122,52,52,37,612,576,3.59,5,13,44,4338,1282,163,507,1290,72,120,0.988,Cincinnati Reds,Great American Ball Park,2476664,98,98,CIN,CIN,CIN
2014,AL,CLE,CLE,C,3,162,81,85,77,N,N,N,N,669,5575,1411,284,23,142,504,1189,104,27,42,49,653,581,3.56,6,15,40,4405,1398,135,464,1450,116,139,0.981,Cleveland Indians,Progressive Field,1437393,97,97,CLE,CLE,CLE
2014,NL,COL,COL,W,4,162,81,66,96,N,N,N,N,755,5612,1551,307,41,186,397,1281,85,48,48,48,818,770,4.84,1,4,24,4293,1528,173,531,1074,106,166,0.983,Colorado Rockies,Coors Field,2680329,115,116,COL,COL,COL
2014,AL,DET,DET,C,1,162,81,90,72,Y,N,N,N,757,5630,1557,325,26,155,443,1144,106,41,44,61,705,648,4.01,5,8,41,4362,1475,127,462,1244,101,153,0.983,Detroit Tigers,Comerica Park,2917209,105,104,DET,DET,DET
2014,AL,HOU,HOU,W,4,162,81,70,92,N,N,N,N,629,5447,1317,240,19,163,495,1442,122,37,55,36,723,657,4.11,7,3,31,4316,1437,139,484,1137,106,151,0.983,Houston Astros,Minute Maid Park,1751829,101,102,HOU,HOU,HOU
2014,AL,KCA,KCR,C,2,162,81,89,73,N,Y,Y,N,651,5545,1456,286,29,95,380,985,153,36,53,47,624,565,3.51,3,14,53,4352,1386,128,440,1168,104,122,0.983,Kansas City Royals,Kauffman Stadium,1956482,105,104,KCR,KCA,KCA
2014,AL,LAA,ANA,W,1,162,81,98,64,Y,N,N,N,773,5652,1464,304,31,155,492,1266,81,39,60,54,630,590,3.58,3,13,46,4448,1307,126,504,1342,83,127,0.986,Los Angeles Angels of Anaheim,Angel Stadium of Anaheim,3095935,96,95,LAA,ANA,ANA
2014,NL,LAN,LAD,W,1,162,81,94,68,Y,N,N,N,718,5560,1476,302,38,134,519,1246,138,50,61,43,617,554,3.4,7,16,47,4394,1338,142,429,1373,107,145,0.983,Los Angeles Dodgers,Dodger Stadium,3782337,96,95,LAD,LAN,LAN
2014,NL,MIA,FLA,E,4,162,81,77,85,N,N,N,N,645,5538,1399,254,36,122,501,1419,58,21,35,39,674,613,3.78,3,16,42,4373,1481,114,458,1190,97,154,0.984,Miami Marlins,Marlins Park,1732283,103,104,MIA,FLO,MIA
2014,NL,MIL,MIL,C,3,162,81,82,80,N,N,N,N,650,5462,1366,297,28,150,423,1197,102,43,73,37,657,594,3.67,3,9,45,4373,1386,167,431,1246,99,130,0.984,Milwaukee Brewers,Miller Park,2797384,102,103,MIL,ML4,MIL
2014,AL,MIN,MIN,C,5,162,81,70,92,N,N,N,N,715,5567,1412,316,27,128,544,1329,99,36,53,44,777,728,4.57,2,7,38,4305,1588,147,408,1031,97,136,0.984,Minnesota Twins,Target Field,2250606,102,103,MIN,MIN,MIN
2014,AL,NYA,NYY,E,2,162,81,84,78,N,N,N,N,633,5497,1349,247,26,147,452,1133,112,26,56,47,664,605,3.75,5,10,48,4359,1392,164,398,1370,92,107,0.984,New York Yankees,Yankee Stadium III,3401624,100,101,NYY,NYA,NYA
2014,NL,NYN,NYM,E,3,162,81,79,83,N,N,N,N,629,5472,1306,275,19,125,516,1264,101,34,54,44,618,568,3.49,1,11,42,4391,1370,141,509,1303,104,158,0.983,New York Mets,Citi Field,2148808,94,95,NYM,NYN,NYN
2014,AL,OAK,OAK,W,2,162,81,88,74,N,Y,N,N,729,5545,1354,253,33,146,586,1104,83,20,49,43,572,524,3.22,7,13,31,4390,1269,147,406,1244,111,150,0.982,Oakland Athletics,O.co Coliseum,2003628,99,97,OAK,OAK,OAK
2014,NL,PHI,PHI,E,5,162,81,73,89,N,N,N,N,619,5603,1356,251,27,125,443,1306,109,26,55,37,687,619,3.79,2,12,40,4405,1396,134,521,1255,83,133,0.987,Philadelphia Phillies,Citizens Bank Park,2423852,100,101,PHI,PHI,PHI
2014,NL,PIT,PIT,C,2,162,81,88,74,N,Y,N,N,682,5536,1436,275,30,156,520,1244,104,47,78,35,631,562,3.47,2,7,48,4369,1341,128,499,1228,109,148,0.983,Pittsburgh Pirates,PNC Park,2442564,98,97,PIT,PIT,PIT
2014,NL,SDN,SDP,W,3,162,81,77,85,N,N,N,N,535,5294,1199,224,30,109,468,1294,91,34,41,45,577,523,3.27,4,10,41,4316,1300,117,462,1284,101,124,0.983,San Diego Padres,Petco Park,2195373,91,91,SDP,SDN,SDN
2014,AL,SEA,SEA,W,3,162,81,87,75,N,N,N,N,634,5450,1328,247,32,136,396,1232,96,42,60,34,554,512,3.17,2,9,51,4356,1240,137,463,1317,82,139,0.986,Seattle Mariners,Safeco Field,2064334,95,95,SEA,SEA,SEA
2014,NL,SFN,SFG,W,2,162,81,88,74,N,Y,Y,Y,665,5523,1407,257,42,132,427,1245,56,27,43,49,614,564,3.5,8,12,46,4347,1305,133,389,1211,100,155,0.984,San Francisco Giants,AT&T Park,3368697,95,95,SFG,SFN,SFN
2014,NL,SLN,STL,C,1,162,81,90,72,Y,N,N,N,619,5426,1371,275,21,105,471,1133,57,32,86,39,603,564,3.5,8,23,55,4346,1321,123,470,1221,88,145,0.985,St. Louis Cardinals,Busch Stadium III,3540649,101,100,STL,SLN,SLN
2014,AL,TBA,TBD,E,4,162,81,77,85,N,N,N,N,612,5516,1361,263,24,117,527,1124,63,27,66,53,625,579,3.56,3,22,37,4391,1292,145,482,1437,88,96,0.985,Tampa Bay Rays,Tropicana Field,1446464,97,97,TBR,TBA,TBA
2014,AL,TEX,TEX,W,5,162,81,67,95,N,N,N,N,637,5460,1400,260,28,111,417,1162,105,59,61,45,773,711,4.49,6,17,33,4279,1510,160,505,1110,106,155,0.982,Texas Rangers,Rangers Ballpark in Arlington,2718733,101,101,TEX,TEX,TEX
2014,AL,TOR,TOR,E,3,162,81,83,79,N,N,N,N,723,5549,1435,282,24,177,502,1151,78,21,41,40,686,642,4,3,16,45,4329,1400,151,490,1199,87,130,0.985,Toronto Blue Jays,Rogers Centre,2375525,102,102,TOR,TOR,TOR
2014,NL,WAS,WSN,E,1,162,81,96,66,Y,N,N,N,686,5542,1403,265,27,152,517,1304,101,23,56,41,555,495,3.03,5,19,45,4412,1351,110,352,1288,100,139,0.984,Washington Nationals,Nationals Park,2579389,104,102,WSN,MON,WAS
2015,NL,ARI,ARI,W,3,162,81,79,83,N,N,N,N,720,5649,1494,289,48,154,490,1312,132,44,33,57,713,659,4.04,1,12,44,4400,1450,182,500,1215,86,146,0.986,Arizona Diamondbacks,Chase Field,2080145,107,106,ARI,ARI,ARI
2015,NL,ATL,ATL,E,4,162,81,67,95,N,N,N,N,573,5420,1361,251,18,100,471,1107,69,33,44,31,760,698,4.41,3,10,44,4276,1462,170,550,1148,90,186,0.985,Atlanta Braves,Turner Field,2001392,97,97,ATL,ATL,ATL
2015,AL,BAL,BAL,E,3,162,78,81,81,N,N,N,N,713,5485,1370,246,20,217,418,1331,44,25,51,32,693,646,4.05,0,10,43,4304,1406,174,483,1233,77,134,0.987,Baltimore Orioles,Oriole Park at Camden Yards,2281202,103,104,BAL,BAL,BAL
2015,AL,BOS,BOS,E,5,162,81,78,84,N,N,N,N,748,5640,1495,294,33,161,478,1148,71,27,46,42,753,694,4.31,3,10,40,4345,1486,178,478,1218,97,148,0.984,Boston Red Sox,Fenway Park II,2880694,104,107,BOS,BOS,BOS
2015,AL,CHA,CHW,C,4,162,81,76,86,N,N,N,N,622,5533,1381,260,27,136,404,1231,68,42,65,37,701,643,3.98,7,9,37,4358,1443,162,474,1359,101,159,0.983,Chicago White Sox,U.S. Cellular Field,1755810,92,93,CHW,CHA,CHA
2015,NL,CHN,CHC,C,3,162,81,97,65,N,Y,N,N,689,5491,1341,272,30,171,567,1518,95,37,74,35,608,546,3.36,6,21,48,4384,1276,134,407,1431,111,120,0.982,Chicago Cubs,Wrigley Field,2919122,100,100,CHC,CHN,CHN
2015,NL,CIN,CIN,C,5,162,81,64,98,N,N,N,N,640,5571,1382,257,27,167,496,1255,134,38,42,40,754,700,4.33,2,8,35,4360,1436,177,544,1252,90,131,0.985,Cincinnati Reds,Great American Ball Park,2419506,101,101,CIN,CIN,CIN
2015,AL,CLE,CLE,C,3,161,80,81,80,N,N,N,N,669,5439,1395,303,29,141,533,1157,86,28,39,50,640,584,3.67,11,10,38,4298,1274,161,425,1407,79,136,0.987,Cleveland Indians,Progressive Field,1388905,106,106,CLE,CLE,CLE
2015,NL,COL,COL,W,5,162,81,68,94,N,N,N,N,737,5572,1479,274,49,186,388,1283,97,43,33,34,844,799,5.04,4,4,36,4279,1579,183,579,1112,95,171,0.985,Colorado Rockies,Coors Field,2506789,119,118,COL,COL,COL
2015,AL,DET,DET,C,5,161,81,74,87,N,N,N,N,689,5605,1515,289,49,151,455,1259,83,51,41,35,803,746,4.64,7,12,35,4341,1491,193,489,1100,86,165,0.986,Detroit Tigers,Comerica Park,2726048,97,98,DET,DET,DET
2015,AL,HOU,HOU,W,2,162,81,86,76,N,Y,N,N,729,5459,1363,278,26,230,486,1392,121,48,56,43,618,572,3.57,5,13,39,4323,1308,148,423,1280,85,131,0.986,Houston Astros,Minute Maid Park,2153585,97,99,HOU,HOU,HOU
2015,AL,KCA,KCR,C,1,162,81,95,67,Y,N,Y,Y,724,5575,1497,300,42,139,383,973,104,34,77,47,641,601,3.73,2,8,56,4356,1372,155,489,1160,88,138,0.985,Kansas City Royals,Kauffman Stadium,2708549,104,103,KCR,KCA,KCA
2015,AL,LAA,ANA,W,3,162,81,85,77,N,N,N,N,661,5417,1331,243,21,176,435,1150,52,34,58,40,675,630,3.94,2,12,46,4322,1355,166,466,1221,93,108,0.984,Los Angeles Angels of Anaheim,Angel Stadium of Anaheim,3012765,94,95,LAA,ANA,ANA
2015,NL,LAN,LAD,W,1,162,81,92,70,Y,N,N,N,667,5385,1346,263,26,187,563,1258,59,34,60,30,595,553,3.44,6,21,47,4337,1317,145,395,1396,75,133,0.988,Los Angeles Dodgers,Dodger Stadium,3764815,101,98,LAD,LAN,LAN
2015,NL,MIA,FLA,E,3,162,81,71,91,N,N,N,N,613,5463,1420,236,40,120,375,1150,112,45,39,40,678,638,4.02,0,12,35,4281,1374,141,508,1152,77,162,0.987,Miami Marlins,Marlins Park,1752235,98,97,MIA,FLO,MIA
2015,NL,MIL,MIL,C,4,162,81,68,94,N,N,N,N,655,5480,1378,274,34,145,412,1299,84,29,41,34,737,682,4.28,1,7,40,4305,1432,176,517,1260,116,164,0.981,Milwaukee Brewers,Miller Park,2542558,101,101,MIL,ML4,MIL
2015,AL,MIN,MIN,C,2,162,81,83,79,N,N,N,N,696,5467,1349,277,44,156,439,1264,70,38,40,41,700,653,4.07,2,12,45,4329,1506,163,413,1046,86,150,0.986,Minnesota Twins,Target Field,2220054,103,104,MIN,MIN,MIN
2015,AL,NYA,NYY,E,2,162,81,87,75,N,Y,N,N,764,5567,1397,272,19,212,554,1227,63,25,63,54,698,652,4.03,3,4,48,4373,1416,182,474,1370,93,135,0.985,New York Yankees,Yankee Stadium III,3193795,99,101,NYY,NYA,NYA
2015,NL,NYN,NYM,E,1,162,81,90,72,Y,N,Y,N,683,5527,1351,295,17,177,488,1290,51,25,68,32,613,557,3.43,1,14,50,4388,1341,152,383,1337,88,131,0.986,New York Mets,Citi Field,2569753,94,92,NYM,NYN,NYN
2015,AL,OAK,OAK,W,5,162,81,68,94,N,N,N,N,694,5600,1405,277,46,146,475,1119,78,29,40,38,729,664,4.14,5,15,28,4334,1402,172,474,1179,126,154,0.979,Oakland Athletics,O.co Coliseum,1768175,97,98,OAK,OAK,OAK
2015,NL,PHI,PHI,E,5,162,81,63,99,N,N,N,N,626,5529,1374,272,37,130,387,1274,88,32,54,29,809,749,4.69,1,7,35,4309,1592,191,488,1153,117,145,0.981,Philadelphia Phillies,Citizens Bank Park,1831080,98,98,PHI,PHI,PHI
2015,NL,PIT,PIT,C,2,162,81,98,64,N,Y,N,N,697,5631,1462,292,27,140,461,1322,98,45,89,41,596,532,3.21,0,13,54,4469,1392,110,453,1338,122,177,0.981,Pittsburgh Pirates,PNC Park,2498596,99,97,PIT,PIT,PIT
2015,NL,SDN,SDP,W,4,162,81,74,88,N,N,N,N,650,5457,1324,260,36,148,426,1327,82,29,40,42,731,655,4.09,1,6,41,4321,1371,171,516,1393,92,138,0.985,San Diego Padres,Petco Park,2459742,98,97,SDP,SDN,SDN
2015,AL,SEA,SEA,W,4,162,81,76,86,N,N,N,N,656,5544,1379,262,22,198,478,1336,69,45,36,35,726,677,4.16,6,12,45,4389,1430,181,491,1283,94,155,0.985,Seattle Mariners,Safeco Field,2193581,92,94,SEA,SEA,SEA
2015,NL,SFN,SFG,W,2,162,81,84,78,N,N,N,N,696,5565,1486,288,39,136,457,1159,93,36,49,37,627,597,3.72,7,18,41,4333,1344,155,431,1165,78,145,0.987,San Francisco Giants,AT&T Park,3375882,99,97,SFG,SFN,SFN
2015,NL,SLN,STL,C,1,162,81,100,62,Y,N,N,N,647,5484,1386,288,39,137,506,1267,69,38,66,42,525,478,2.94,1,15,62,4394,1359,123,477,1329,96,159,0.984,St. Louis Cardinals,Busch Stadium III,3520889,102,101,STL,SLN,SLN
2015,AL,TBA,TBD,E,4,162,84,80,82,N,N,N,N,644,5485,1383,278,32,167,436,1310,87,45,84,47,642,604,3.74,1,12,60,4360,1314,175,477,1355,95,118,0.984,Tampa Bay Rays,Tropicana Field,1287054,100,102,TBR,TBA,TBA
2015,AL,TEX,TEX,W,1,162,81,88,74,Y,N,N,N,751,5511,1419,279,32,172,503,1233,101,39,76,54,733,680,4.24,5,9,45,4328,1459,171,508,1095,119,169,0.981,Texas Rangers,Rangers Ballpark in Arlington,2491875,102,105,TEX,TEX,TEX
2015,AL,TOR,TOR,E,1,162,81,93,69,Y,N,N,N,891,5509,1480,308,17,232,570,1151,88,23,54,62,670,609,3.8,7,10,34,4323,1353,173,397,1117,88,145,0.985,Toronto Blue Jays,Rogers Centre,2794891,99,98,TOR,TOR,TOR
2015,NL,WAS,WSN,E,2,162,81,83,79,N,N,N,N,703,5428,1363,265,13,177,539,1344,57,23,44,51,635,577,3.62,4,13,41,4304,1366,145,364,1342,90,125,0.985,Washington Nationals,Nationals Park,2619843,102,99,WSN,MON,WAS
2016,NL,ARI,ARI,W,4,162,81,69,93,N,N,N,N,752,5665,1479,285,56,190,463,1427,137,31,50,38,890,821,5.09,2,7,31,4354,1563,202,603,1318,101,143,0.983,Arizona Diamondbacks,Chase Field,2036216,107,108,ARI,ARI,ARI
2016,NL,ATL,ATL,E,5,161,81,68,93,N,N,N,N,649,5514,1404,295,27,122,502,1240,75,34,59,52,779,725,4.51,1,9,39,4343,1414,177,547,1227,101,134,0.983,Atlanta Braves,Turner Field,2020914,102,104,ATL,ATL,ATL
2016,AL,BAL,BAL,E,2,162,81,89,73,N,Y,N,N,744,5524,1413,265,6,253,468,1324,19,13,44,36,715,671,4.22,1,9,54,4296,1408,183,545,1248,80,165,0.987,Baltimore Orioles,Oriole Park at Camden Yards,2172344,101,101,BAL,BAL,BAL
2016,AL,BOS,BOS,E,1,162,81,93,69,Y,N,N,N,878,5670,1598,343,25,208,558,1160,83,24,43,40,694,640,4,9,5,43,4319,1342,176,490,1362,75,139,0.987,Boston Red Sox,Fenway Park II,2955434,108,106,BOS,BOS,BOS
2016,AL,CHA,CHW,C,4,162,81,78,84,N,N,N,N,686,5550,1428,277,33,168,455,1285,77,36,53,44,715,659,4.1,7,10,43,4340,1422,185,521,1270,95,148,0.984,Chicago White Sox,U.S. Cellular Field,1746293,96,97,CHW,CHA,CHA
2016,NL,CHN,CHC,C,1,162,81,103,58,Y,N,Y,Y,808,5503,1409,293,30,199,656,1339,66,34,96,37,556,511,3.15,5,15,38,4379,1125,163,495,1441,101,116,0.983,Chicago Cubs,Wrigley Field,3232420,95,93,CHC,CHN,CHN
2016,NL,CIN,CIN,C,5,162,81,68,94,N,N,N,N,716,5487,1403,277,33,164,452,1284,139,51,52,44,854,786,4.91,2,8,28,4326,1457,258,636,1241,102,142,0.983,Cincinnati Reds,Great American Ball Park,1894085,99,100,CIN,CIN,CIN
2016,AL,CLE,CLE,C,1,161,80,94,67,Y,N,Y,N,777,5484,1435,308,29,185,531,1246,134,31,49,60,676,617,3.84,5,11,37,4335,1330,186,461,1398,89,126,0.985,Cleveland Indians,Progressive Field,1591667,110,109,CLE,CLE,CLE
2016,NL,COL,COL,W,3,162,81,75,87,N,N,N,N,845,5614,1544,318,47,204,494,1330,66,39,40,34,860,779,4.91,2,9,37,4288,1532,181,547,1223,110,148,0.982,Colorado Rockies,Coors Field,2602524,117,117,COL,COL,COL
2016,AL,DET,DET,C,2,161,81,86,75,N,N,N,N,750,5526,1476,252,30,211,493,1303,58,29,53,38,721,672,4.24,3,8,47,4284,1417,182,462,1232,75,148,0.987,Detroit Tigers,Comerica Park,2493859,101,101,DET,DET,DET
2016,AL,HOU,HOU,W,3,162,81,84,78,N,N,N,N,724,5545,1367,291,29,198,554,1452,102,44,47,31,701,663,4.06,2,8,44,4404,1441,181,453,1396,77,135,0.987,Houston Astros,Minute Maid Park,2306623,90,89,HOU,HOU,HOU
2016,AL,KCA,KCR,C,3,162,81,81,81,N,N,N,N,675,5552,1450,264,33,147,382,1224,121,35,45,34,712,674,4.21,3,7,41,4320,1433,206,517,1287,94,134,0.984,Kansas City Royals,Kauffman Stadium,2557712,105,106,KCR,KCA,KCA
2016,AL,LAA,ANA,W,4,162,81,74,88,N,N,N,N,717,5431,1410,279,20,156,471,991,73,34,51,49,727,676,4.28,4,12,29,4264,1480,208,498,1136,97,148,0.983,Los Angeles Angels of Anaheim,Angel Stadium of Anaheim,3016142,95,95,LAA,ANA,ANA
2016,NL,LAN,LAD,W,1,162,81,91,71,Y,N,N,N,725,5518,1376,272,21,189,525,1321,45,26,58,32,638,598,3.7,3,15,47,4359,1266,165,464,1510,80,101,0.986,Los Angeles Dodgers,Dodger Stadium,3703312,93,92,LAD,LAN,LAN
2016,NL,MIA,FLA,E,3,161,80,79,82,N,N,N,N,655,5547,1460,259,42,128,447,1213,71,28,54,38,682,646,4.05,0,12,55,4305,1358,152,595,1379,86,137,0.985,Miami Marlins,Marlins Park,1712417,93,93,MIA,FLO,MIA
2016,NL,MIL,MIL,C,4,162,81,73,89,N,N,N,N,671,5330,1299,249,19,194,599,1543,181,56,37,39,733,650,4.08,0,7,46,4303,1450,178,532,1175,136,145,0.978,Milwaukee Brewers,Miller Park,2314614,99,99,MIL,ML4,MIL
2016,AL,MIN,MIN,C,5,162,81,59,103,N,N,N,N,722,5618,1409,288,35,200,513,1426,91,32,44,43,889,814,5.08,4,3,26,4329,1617,221,479,1191,126,172,0.979,Minnesota Twins,Target Field,1963912,96,98,MIN,MIN,MIN
2016,AL,NYA,NYY,E,4,162,81,84,78,N,N,N,N,680,5458,1378,245,20,183,475,1188,72,22,42,49,702,660,4.16,0,10,48,4285,1358,214,444,1393,86,116,0.985,New York Yankees,Yankee Stadium III,3063405,105,105,NYY,NYA,NYA
2016,NL,NYN,NYM,E,2,162,81,87,75,N,Y,N,N,671,5459,1342,240,19,218,517,1302,42,18,62,41,617,574,3.57,1,13,55,4341,1397,152,439,1396,90,138,0.985,New York Mets,Citi Field,2789602,102,102,NYM,NYN,NYN
2016,AL,OAK,OAK,W,5,162,81,69,93,N,N,N,N,653,5500,1352,270,21,169,442,1145,50,23,33,34,761,718,4.51,2,7,42,4300,1459,185,464,1188,97,152,0.984,Oakland Athletics,O.co Coliseum,1521506,90,91,OAK,OAK,OAK
2016,NL,PHI,PHI,E,4,162,81,71,91,N,N,N,N,610,5434,1305,231,35,161,424,1376,96,45,58,30,796,739,4.63,4,12,43,4311,1468,213,466,1299,97,142,0.984,Philadelphia Phillies,Citizens Bank Park,1915144,91,93,PHI,PHI,PHI
2016,NL,PIT,PIT,C,3,162,81,78,83,N,N,N,N,729,5542,1426,277,32,153,561,1334,110,45,81,36,758,679,4.21,5,5,51,4352,1490,180,533,1232,111,172,0.982,Pittsburgh Pirates,PNC Park,2249201,100,101,PIT,PIT,PIT
2016,NL,SDN,SDP,W,5,162,81,68,94,N,N,N,N,686,5419,1275,257,26,177,449,1500,125,45,58,36,770,708,4.43,1,9,35,4320,1425,183,569,1222,109,165,0.982,San Diego Padres,Petco Park,2351422,99,99,SDP,SDN,SDN
2016,AL,SEA,SEA,W,2,162,81,86,76,N,N,N,N,768,5583,1446,251,17,223,506,1288,56,28,72,41,707,647,4,2,8,49,4371,1410,213,460,1318,89,158,0.985,Seattle Mariners,Safeco Field,2267928,98,97,SEA,SEA,SEA
2016,NL,SFN,SFG,W,2,162,81,87,75,N,Y,N,N,715,5565,1437,280,54,130,572,1107,79,36,42,46,631,593,3.65,10,11,43,4381,1334,158,439,1309,72,136,0.988,San Francisco Giants,AT&T Park,3365256,103,102,SFG,SFN,SFN
2016,NL,SLN,STL,C,2,162,81,86,76,N,N,N,N,779,5548,1415,299,32,225,526,1318,35,26,70,41,712,656,4.08,2,10,38,4345,1432,159,475,1290,107,169,0.983,St. Louis Cardinals,Busch Stadium III,3444490,100,99,STL,SLN,SLN
2016,AL,TBA,TBD,E,5,162,81,68,94,N,N,N,N,672,5481,1333,288,32,216,449,1482,60,37,69,28,713,665,4.2,1,8,42,4279,1395,210,491,1357,94,129,0.984,Tampa Bay Rays,Tropicana Field,1286163,93,94,TBR,TBA,TBA
2016,AL,TEX,TEX,W,1,162,81,95,67,Y,N,N,N,765,5525,1446,257,23,215,436,1220,99,36,70,40,757,700,4.37,1,6,56,4329,1441,201,534,1154,97,190,0.984,Texas Rangers,Rangers Ballpark in Arlington,2710402,106,105,TEX,TEX,TEX
2016,AL,TOR,TOR,E,2,162,81,89,73,N,Y,N,N,759,5479,1358,276,18,221,632,1362,54,24,55,40,666,613,3.78,0,10,43,4378,1340,183,461,1314,88,144,0.986,Toronto Blue Jays,Rogers Centre,3392099,111,110,TOR,TOR,TOR
2016,NL,WAS,WSN,E,1,162,81,95,67,Y,N,N,N,763,5490,1403,268,29,203,536,1252,121,39,64,63,612,570,3.51,1,12,46,4379,1272,155,468,1476,73,142,0.988,Washington Nationals,Nationals Park,2481938,100,98,WSN,MON,WAS
2017,NL,ARI,ARI,W,2,162,81,93,69,N,Y,N,N,812,5525,1405,314,39,220,578,1456,103,30,54,27,659,586,3.66,2,11,43,4323,1309,171,516,1482,108,140,0.982,Arizona Diamondbacks,Chase Field,2134375,110,110,ARI,ARI,ARI
2017,NL,ATL,ATL,E,3,162,81,72,90,N,N,N,N,732,5584,1467,289,26,165,474,1184,77,31,66,32,821,756,4.72,0,6,36,4324,1463,192,584,1258,97,137,0.984,Atlanta Braves,SunTrust Park,2505252,98,98,ATL,ATL,ATL
2017,AL,BAL,BAL,E,5,162,81,75,87,N,N,N,N,743,5650,1469,269,12,232,392,1412,32,13,50,37,841,795,4.97,1,10,35,4323,1505,242,579,1233,94,175,0.984,Baltimore Orioles,Oriole Park at Camden Yards,2028424,98,99,BAL,BAL,BAL
2017,AL,BOS,BOS,E,1,162,81,93,69,Y,N,N,N,785,5669,1461,302,19,168,571,1224,106,31,53,36,668,610,3.7,5,11,39,4447,1384,195,465,1580,107,126,0.982,Boston Red Sox,Fenway Park II,2917678,105,104,BOS,BOS,BOS
2017,AL,CHA,CHW,C,4,162,81,67,95,N,N,N,N,706,5513,1412,256,37,186,401,1397,71,31,76,33,820,755,4.78,0,3,25,4265,1384,242,632,1193,114,157,0.981,Chicago White Sox,U.S. Cellular Field,1629470,98,98,CHW,CHA,CHA
2017,NL,CHN,CHC,C,1,162,81,92,70,Y,N,N,N,822,5496,1402,274,29,223,622,1401,62,31,82,32,695,636,3.95,2,8,38,4342,1294,194,554,1439,95,139,0.984,Chicago Cubs,Wrigley Field,3199562,102,100,CHC,CHN,CHN
2017,NL,CIN,CIN,C,5,162,81,68,94,N,N,N,N,753,5484,1390,249,38,219,565,1329,120,39,72,42,869,821,5.17,2,8,33,4290,1442,248,631,1300,81,132,0.986,Cincinnati Reds,Great American Ball Park,1836917,100,101,CIN,CIN,CIN
2017,AL,CLE,CLE,C,1,162,81,102,60,Y,N,N,N,818,5511,1449,333,29,212,604,1153,88,23,50,45,564,529,3.3,7,19,37,4322,1267,163,406,1614,76,167,0.987,Cleveland Indians,Progressive Field,2048138,106,104,CLE,CLE,CLE
2017,NL,COL,COL,W,3,162,81,87,75,N,Y,N,N,824,5534,1510,293,38,192,519,1408,59,34,44,41,757,721,4.51,1,9,47,4313,1453,190,532,1270,77,168,0.987,Colorado Rockies,Coors Field,2953650,115,115,COL,COL,COL
2017,AL,DET,DET,C,5,162,81,64,98,N,N,N,N,735,5556,1435,289,35,187,503,1313,65,34,52,27,894,846,5.36,2,4,32,4261,1587,218,538,1202,84,146,0.985,Detroit Tigers,Comerica Park,2321599,103,104,DET,DET,DET
2017,AL,HOU,HOU,W,1,162,81,101,61,Y,N,Y,Y,896,5611,1581,346,20,238,509,1087,98,42,70,61,700,662,4.12,1,9,45,4338,1314,192,522,1593,99,153,0.983,Houston Astros,Minute Maid Park,2403671,91,90,HOU,HOU,HOU
2017,AL,KCA,KCR,C,3,162,81,80,82,N,N,N,N,702,5536,1436,260,24,193,390,1166,91,31,45,37,791,737,4.61,1,6,39,4313,1480,196,519,1216,79,145,0.987,Kansas City Royals,Kauffman Stadium,2220370,102,102,KCR,KCA,KCA
2017,AL,LAA,ANA,W,2,162,81,80,82,N,N,N,N,710,5415,1314,251,14,186,523,1198,136,44,70,46,709,672,4.2,1,10,43,4322,1373,224,470,1312,80,135,0.986,Los Angeles Angels of Anaheim,Angel Stadium of Anaheim,3019585,96,96,LAA,ANA,ANA
2017,NL,LAN,LAD,W,1,162,81,104,58,Y,N,Y,N,770,5408,1347,312,20,221,649,1380,77,28,64,38,580,543,3.38,2,16,51,4334,1226,184,442,1549,88,131,0.985,Los Angeles Dodgers,Dodger Stadium,3765856,97,96,LAD,LAN,LAN
2017,NL,MIA,FLA,E,2,162,78,77,85,N,N,N,N,778,5602,1497,271,31,194,486,1282,91,30,67,41,822,772,4.82,1,7,34,4328,1450,193,627,1202,73,156,0.988,Miami Marlins,Marlins Park,1583014,93,93,MIA,FLO,MIA
2017,NL,MIL,MIL,C,2,162,84,86,76,N,N,N,N,732,5467,1363,267,22,224,547,1571,128,41,53,26,697,642,4,1,12,54,4337,1381,185,553,1346,115,164,0.981,Milwaukee Brewers,Miller Park,2627705,101,101,MIL,ML4,MIL
2017,AL,MIN,MIN,C,2,162,81,85,77,N,Y,N,N,815,5557,1444,286,31,206,593,1342,95,28,46,39,788,732,4.59,6,11,42,4308,1487,224,483,1166,78,143,0.987,Minnesota Twins,Target Field,2051279,99,100,MIN,MIN,MIN
2017,AL,NYA,NYY,E,2,162,81,91,71,N,Y,N,N,858,5594,1463,266,23,241,616,1386,90,22,64,56,660,599,3.72,2,7,36,4346,1248,192,504,1560,95,102,0.984,New York Yankees,Yankee Stadium III,3146966,104,103,NYY,NYA,NYA
2017,NL,NYN,NYM,E,4,162,81,70,92,N,N,N,N,735,5510,1379,286,28,224,529,1291,58,23,57,37,863,799,5.01,2,5,34,4304,1538,220,593,1374,92,125,0.984,New York Mets,Citi Field,2460622,97,97,NYM,NYN,NYN
2017,AL,OAK,OAK,W,5,162,81,75,87,N,N,N,N,739,5464,1344,305,15,234,565,1491,57,22,43,40,826,743,4.67,1,6,35,4293,1444,210,502,1202,121,162,0.98,Oakland Athletics,O.co Coliseum,1475721,96,97,OAK,OAK,OAK
2017,NL,PHI,PHI,E,5,162,81,66,96,N,N,N,N,690,5535,1382,287,36,174,494,1417,59,25,47,36,782,729,4.55,1,7,33,4323,1471,221,527,1309,82,145,0.986,Philadelphia Phillies,Citizens Bank Park,1905354,96,97,PHI,PHI,PHI
2017,NL,PIT,PIT,C,4,162,81,75,87,N,N,N,N,668,5458,1331,249,36,151,519,1213,67,36,88,28,731,676,4.22,2,12,36,4322,1464,182,511,1262,99,156,0.984,Pittsburgh Pirates,PNC Park,1919447,99,99,PIT,PIT,PIT
2017,NL,SDN,SDP,W,4,162,81,71,91,N,N,N,N,604,5356,1251,227,31,189,460,1499,89,33,53,33,816,742,4.67,2,12,45,4292,1417,226,554,1325,113,177,0.981,San Diego Padres,Petco Park,2138491,94,95,SDP,SDN,SDN
2017,AL,SEA,SEA,W,3,162,81,78,84,N,N,N,N,750,5551,1436,281,17,200,487,1267,89,35,78,35,772,713,4.46,1,9,39,4321,1399,237,490,1244,103,147,0.982,Seattle Mariners,Safeco Field,2135445,97,97,SEA,SEA,SEA
2017,NL,SFN,SFG,W,5,162,81,64,98,N,N,N,N,639,5551,1382,290,28,128,467,1204,76,34,36,52,776,726,4.5,3,5,32,4356,1515,182,496,1234,87,127,0.985,San Francisco Giants,AT&T Park,3303652,96,96,SFG,SFN,SFN
2017,NL,SLN,STL,C,3,162,81,83,79,N,N,N,N,761,5470,1402,284,28,196,593,1348,81,31,65,44,705,646,4.01,3,12,43,4351,1393,183,493,1351,94,164,0.984,St. Louis Cardinals,Busch Stadium III,3447937,98,98,STL,SLN,SLN
2017,AL,TBA,TBD,E,3,162,81,80,82,N,N,N,N,694,5478,1340,226,32,228,545,1538,88,34,55,48,704,638,3.97,0,9,53,4335,1324,193,503,1352,100,129,0.983,Tampa Bay Rays,Tropicana Field,1253619,94,94,TBR,TBA,TBA
2017,AL,TEX,TEX,W,4,162,81,78,84,N,N,N,N,799,5430,1326,255,21,237,544,1493,113,44,81,39,816,742,4.66,2,6,29,4303,1443,214,559,1107,108,173,0.982,Texas Rangers,Rangers Ballpark in Arlington,2507760,107,107,TEX,TEX,TEX
2017,AL,TOR,TOR,E,4,162,81,76,86,N,N,N,N,693,5499,1320,269,5,222,542,1327,53,24,51,35,784,720,4.42,2,6,45,4395,1460,203,549,1372,92,145,0.985,Toronto Blue Jays,Rogers Centre,3203886,105,105,TOR,TOR,TOR
2017,NL,WAS,WSN,E,1,162,81,97,65,Y,N,N,N,819,5553,1477,311,31,215,542,1327,108,30,31,45,672,623,3.88,3,5,46,4340,1300,189,495,1457,86,139,0.985,Washington Nationals,Nationals Park,2524980,103,102,WSN,MON,WAS
2018,NL,ARI,ARI,W,3,162,81,82,80,N,N,N,N,693,5460,1283,259,50,176,560,1460,79,25,52,45,644,605,3.72,2,9,39,4389,1313,174,522,1448,75,152,0.988,Arizona Diamondbacks,Chase Field,2242695,108,107,ARI,ARI,ARI
2018,NL,ATL,ATL,E,1,162,81,90,72,Y,N,N,N,759,5582,1433,314,29,175,511,1290,90,36,66,43,657,607,3.75,2,11,40,4370,1236,153,635,1423,80,134,0.986,Atlanta Braves,SunTrust Park,2555781,100,100,ATL,ATL,ATL
2018,AL,BAL,BAL,E,5,162,81,47,115,N,N,N,N,622,5507,1317,242,15,188,422,1412,81,22,57,35,892,824,5.18,2,7,28,4293,1552,234,589,1203,104,159,0.982,Baltimore Orioles,Oriole Park at Camden Yards,1564192,96,97,BAL,BAL,BAL
2018,AL,BOS,BOS,E,1,162,81,108,54,Y,N,Y,Y,876,5623,1509,355,31,208,569,1253,125,31,55,48,647,608,3.75,2,14,46,4376,1305,176,512,1558,77,106,0.987,Boston Red Sox,Fenway Park II,2895575,104,102,BOS,BOS,BOS
2018,AL,CHA,CHW,C,4,162,81,62,100,N,N,N,N,656,5523,1332,259,40,182,425,1594,98,41,66,32,848,771,4.83,0,8,34,4311,1404,196,653,1259,114,135,0.981,Chicago White Sox,Guaranteed Rate Field,1608817,97,98,CHW,CHA,CHA
2018,NL,CHN,CHC,C,2,163,82,95,68,N,Y,N,N,761,5624,1453,286,34,167,576,1388,66,38,78,46,645,598,3.65,1,18,46,4429,1319,157,622,1333,104,155,0.983,Chicago Cubs,Wrigley Field,3181089,107,106,CHC,CHN,CHN
2018,NL,CIN,CIN,C,5,162,81,67,95,N,N,N,N,696,5532,1404,251,25,172,559,1376,77,33,65,35,819,741,4.63,1,6,38,4323,1491,228,532,1258,95,144,0.984,Cincinnati Reds,Great American Ball Park,1629356,103,104,CIN,CIN,CIN
2018,AL,CLE,CLE,C,1,162,81,91,71,Y,N,N,N,818,5595,1447,297,19,216,554,1189,135,36,80,44,648,611,3.77,5,17,41,4372,1349,200,407,1544,83,123,0.986,Cleveland Indians,Progressive Field,1926701,104,102,CLE,CLE,CLE
2018,NL,COL,COL,W,2,163,81,91,72,N,Y,N,N,780,5541,1418,280,42,210,507,1397,95,33,51,37,745,699,4.33,0,10,51,4357,1377,184,525,1409,74,162,0.988,Colorado Rockies,Coors Field,3015880,117,116,COL,COL,COL
2018,AL,DET,DET,C,3,162,81,64,98,N,N,N,N,630,5494,1326,284,35,135,428,1341,70,30,52,40,796,726,4.58,0,2,37,4276,1423,216,491,1215,95,126,0.984,Detroit Tigers,Comerica Park,1856970,101,102,DET,DET,DET
2018,AL,HOU,HOU,W,1,162,81,103,59,Y,N,N,N,797,5453,1390,278,18,205,565,1197,71,26,61,45,534,503,3.11,3,12,46,4365,1164,152,435,1687,63,116,0.989,Houston Astros,Minute Maid Park,2980549,96,94,HOU,HOU,HOU
2018,AL,KCA,KCR,C,5,162,81,58,104,N,N,N,N,638,5505,1350,283,29,155,427,1310,117,38,67,40,833,786,4.94,2,8,33,4296,1542,205,549,1157,77,142,0.987,Kansas City Royals,Kauffman Stadium,1665107,99,100,KCR,KCA,KCA
2018,AL,LAA,ANA,W,4,162,81,80,82,N,N,N,N,721,5472,1323,249,23,214,514,1300,89,22,73,39,722,662,4.15,1,9,35,4312,1353,205,546,1386,76,173,0.987,Los Angeles Angels of Anaheim,Angel Stadium of Anaheim,3020216,97,97,LAA,ANA,ANA
2018,NL,LAN,LAD,W,1,163,82,92,71,Y,N,Y,N,804,5572,1394,296,33,235,647,1436,75,24,61,39,610,554,3.38,0,11,48,4428,1279,179,422,1565,100,111,0.983,Los Angeles Dodgers,Dodger Stadium,3857500,98,96,LAD,LAN,LAN
2018,NL,MIA,FLA,E,5,161,81,63,98,N,N,N,N,589,5488,1303,222,24,128,455,1384,45,31,73,31,809,762,4.76,1,12,30,4326,1388,192,605,1249,83,133,0.986,Miami Marlins,Marlins Park,811104,89,90,MIA,FLO,MIA
2018,NL,MIL,MIL,C,1,163,81,96,67,Y,N,N,N,754,5542,1398,252,24,218,537,1458,124,32,58,41,659,606,3.73,0,14,49,4383,1259,173,553,1428,108,141,0.982,Milwaukee Brewers,Miller Park,2850875,102,101,MIL,ML4,MIL
2018,AL,MIN,MIN,C,2,162,81,78,84,N,N,N,N,738,5526,1379,317,22,166,534,1328,47,27,37,38,775,721,4.5,2,7,37,4330,1425,198,573,1377,97,127,0.984,Minnesota Twins,Target Field,1959197,102,102,MIN,MIN,MIN
2018,AL,NYA,NYY,E,2,162,81,100,62,N,Y,N,N,851,5515,1374,269,23,267,625,1421,63,21,62,59,669,611,3.78,2,11,49,4369,1311,177,494,1634,94,95,0.984,New York Yankees,Yankee Stadium III,3482855,104,102,NYY,NYA,NYA
2018,NL,NYN,NYM,E,4,162,81,77,85,N,N,N,N,676,5468,1282,265,34,170,566,1404,71,39,73,42,707,661,4.07,3,15,41,4382,1364,185,484,1446,88,121,0.985,New York Mets,Citi Field,2224995,90,91,NYM,NYN,NYN
2018,AL,OAK,OAK,W,2,162,81,97,65,N,Y,N,N,813,5579,1407,322,20,227,550,1381,35,21,76,44,674,621,3.81,2,14,44,4397,1303,184,474,1237,89,125,0.985,Oakland Athletics,O.co Coliseum,1573616,98,97,OAK,OAK,OAK
2018,NL,PHI,PHI,E,3,162,81,80,82,N,N,N,N,677,5424,1270,241,30,186,582,1520,69,26,64,32,728,665,4.14,0,12,44,4337,1366,171,500,1465,123,138,0.979,Philadelphia Phillies,Citizens Bank Park,2158124,102,103,PHI,PHI,PHI
2018,NL,PIT,PIT,C,4,161,80,82,79,N,N,N,N,692,5447,1381,290,38,157,474,1229,70,38,59,52,693,637,4,3,16,40,4302,1380,174,497,1336,105,129,0.982,Pittsburgh Pirates,PNC Park,1465316,96,96,PIT,PIT,PIT
2018,NL,SDN,SDP,W,5,162,81,66,96,N,N,N,N,617,5486,1289,250,30,162,471,1523,95,36,31,36,767,713,4.4,0,5,36,4371,1430,185,519,1399,100,127,0.983,San Diego Padres,Petco Park,2168536,94,95,SDP,SDN,SDN
2018,AL,SEA,SEA,W,3,162,81,89,73,N,N,N,N,677,5513,1402,256,32,176,430,1221,79,37,70,41,711,664,4.13,3,12,60,4346,1396,195,400,1328,88,152,0.985,Seattle Mariners,Safeco Field,2299489,94,95,SEA,SEA,SEA
2018,NL,SFN,SFG,W,4,162,81,73,89,N,N,N,N,603,5541,1324,255,30,133,448,1467,77,34,49,42,699,641,3.95,1,15,36,4384,1387,156,524,1269,97,160,0.984,San Francisco Giants,AT&T Park,3156185,95,96,SFG,SFN,SFN
2018,NL,SLN,STL,C,3,162,81,88,74,N,N,N,N,759,5498,1369,248,9,205,525,1380,63,32,80,48,691,622,3.85,1,8,43,4366,1354,144,593,1337,133,151,0.978,St. Louis Cardinals,Busch Stadium III,3403587,97,96,STL,SLN,SLN
2018,AL,TBA,TBD,E,3,162,81,90,72,N,N,N,N,716,5475,1415,274,43,150,540,1388,128,51,101,50,646,602,3.74,0,14,52,4345,1236,164,501,1421,85,136,0.986,Tampa Bay Rays,Tropicana Field,1154973,97,97,TBR,TBA,TBA
2018,AL,TEX,TEX,W,5,162,81,67,95,N,N,N,N,737,5453,1308,266,24,194,555,1484,74,35,88,34,848,783,4.92,1,5,42,4293,1516,222,491,1121,120,168,0.98,Texas Rangers,Globe Life Park in Arlington,2107107,112,113,TEX,TEX,TEX
2018,AL,TOR,TOR,E,4,162,81,73,89,N,N,N,N,709,5477,1336,320,16,217,499,1387,47,30,58,37,832,772,4.85,0,3,39,4301,1476,208,551,1298,101,138,0.983,Toronto Blue Jays,Rogers Centre,2325281,97,98,TOR,TOR,TOR
2018,NL,WAS,WSN,E,2,162,81,82,80,N,N,N,N,771,5517,1402,284,25,191,631,1289,119,33,59,40,682,649,4.04,2,7,40,4338,1320,198,487,1417,64,115,0.989,Washington Nationals,Nationals Park,2529604,106,105,WSN,MON,WAS
2019,NL,ARI,ARI,W,2,162,81,85,77,N,N,N,N,813,5633,1419,288,40,220,540,1360,88,14,70,40,743,691,4.25,0,11,45,4395,1400,220,516,1427,86,136,0.986,Arizona Diamondbacks,Chase Field,2135510,101,101,ARI,ARI,ARI
2019,NL,ATL,ATL,E,1,162,81,97,65,Y,N,N,N,855,5560,1432,277,29,249,619,1467,89,28,60,35,743,675,4.19,1,8,44,4352,1421,203,548,1393,78,154,0.987,Atlanta Braves,SunTrust Park,2655100,105,103,ATL,ATL,ATL
2019,AL,BAL,BAL,E,5,162,81,54,108,N,N,N,N,729,5596,1379,252,25,213,462,1435,84,30,71,37,981,897,5.59,0,5,27,4329,1544,305,561,1248,108,155,0.982,Baltimore Orioles,Oriole Park at Camden Yards,1307807,99,102,BAL,BAL,BAL
2019,AL,BOS,BOS,E,3,162,81,84,78,N,N,N,N,901,5770,1554,345,27,245,590,1382,68,30,49,44,828,768,4.7,1,8,33,4413,1423,215,605,1633,88,115,0.985,Boston Red Sox,Fenway Park II,2924627,105,104,BOS,BOS,BOS
2019,AL,CHA,CHW,C,3,161,80,72,89,N,N,N,N,708,5529,1443,260,20,182,378,1549,63,28,66,32,832,769,4.9,6,7,33,4238,1438,238,582,1312,117,171,0.98,Chicago White Sox,Guaranteed Rate Field,1649775,97,99,CHW,CHA,CHA
2019,NL,CHN,CHC,C,3,162,81,84,78,N,N,N,N,814,5461,1378,270,26,256,581,1460,45,24,83,39,717,657,4.1,1,10,38,4326,1376,195,534,1444,118,141,0.981,Chicago Cubs,Wrigley Field,3094865,102,101,CHC,CHN,CHN
2019,NL,CIN,CIN,C,4,162,81,75,87,N,N,N,N,701,5450,1328,235,27,227,492,1436,80,38,89,33,711,668,4.18,0,10,46,4314,1270,214,536,1552,91,124,0.984,Cincinnati Reds,Great American Ball Park,1808685,103,103,CIN,CIN,CIN
2019,AL,CLE,CLE,C,2,162,81,93,69,N,N,N,N,769,5425,1354,286,18,223,563,1332,103,35,50,46,657,601,3.76,6,16,42,4313,1308,207,450,1508,83,110,0.985,Cleveland Indians,Progressive Field,1738642,104,102,CLE,CLE,CLE
2019,NL,COL,COL,W,4,162,81,71,91,N,N,N,N,835,5660,1502,323,41,224,489,1503,71,31,43,43,958,895,5.56,1,5,28,4346,1576,270,589,1264,97,165,0.984,Colorado Rockies,Coors Field,2993244,118,118,COL,COL,COL
2019,AL,DET,DET,C,5,161,81,47,114,N,N,N,N,582,5549,1333,292,41,149,391,1595,57,20,48,42,915,835,5.24,0,3,31,4299,1555,250,536,1368,110,127,0.981,Detroit Tigers,Comerica Park,1501430,102,104,DET,DET,DET
2019,AL,HOU,HOU,W,1,162,81,107,55,Y,N,Y,N,920,5613,1538,323,28,288,645,1166,67,27,66,57,640,595,3.66,2,14,47,4387,1205,230,448,1671,71,96,0.988,Houston Astros,Minute Maid Park,2857367,103,100,HOU,HOU,HOU
2019,AL,KCA,KCR,C,4,162,81,59,103,N,N,N,N,691,5496,1356,281,40,162,456,1405,117,39,59,42,869,824,5.2,1,7,37,4275,1525,221,582,1230,73,152,0.988,Kansas City Royals,Kauffman Stadium,1479659,101,102,KCR,KCA,KCA
2019,AL,LAA,ANA,W,4,162,81,72,90,N,N,N,N,769,5542,1368,268,21,220,586,1276,65,20,67,42,868,820,5.12,0,2,32,4328,1417,267,576,1404,92,118,0.984,Los Angeles Angels of Anaheim,Angel Stadium of Anaheim,3019012,98,98,LAA,ANA,ANA
2019,NL,LAN,LAD,W,1,162,81,106,56,Y,N,N,N,886,5493,1414,302,20,279,607,1356,57,10,81,45,613,541,3.37,3,18,44,4337,1201,185,392,1519,106,117,0.982,Los Angeles Dodgers,Dodger Stadium,3974309,96,94,LAD,LAN,LAN
2019,NL,MIA,FLA,E,5,162,81,57,105,N,N,N,N,615,5512,1326,265,18,146,395,1469,55,30,73,33,808,760,4.74,2,8,27,4333,1340,236,615,1378,94,135,0.984,Miami Marlins,Marlins Park,811302,94,96,MIA,FLO,MIA
2019,NL,MIL,MIL,C,2,162,81,89,73,N,Y,N,N,769,5542,1366,279,17,250,629,1563,101,25,72,38,766,713,4.4,0,7,50,4378,1364,225,570,1497,97,135,0.983,Milwaukee Brewers,Miller Park,2923333,101,101,MIL,ML4,MIL
2019,AL,MIN,MIN,C,1,162,81,101,61,Y,N,N,N,939,5732,1547,318,23,307,525,1334,28,21,81,41,754,680,4.18,1,10,50,4390,1456,198,452,1463,111,130,0.981,Minnesota Twins,Target Field,2294152,100,99,MIN,MIN,MIN
2019,AL,NYA,NYY,E,1,162,81,103,59,Y,N,N,N,943,5583,1493,290,17,306,569,1437,55,22,49,33,739,691,4.31,1,9,50,4329,1374,248,507,1534,102,135,0.982,New York Yankees,Yankee Stadium III,3304404,98,96,NYY,NYA,NYA
2019,NL,NYN,NYM,E,3,162,81,86,76,N,N,N,N,791,5624,1445,280,17,242,516,1384,56,27,95,27,737,688,4.24,3,12,38,4383,1405,204,500,1520,99,129,0.983,New York Mets,Citi Field,2442532,92,92,NYM,NYN,NYN
2019,AL,OAK,OAK,W,2,162,81,97,65,N,Y,N,N,845,5561,1384,292,23,257,578,1338,49,21,87,36,680,646,3.97,1,12,45,4395,1342,201,477,1299,80,122,0.987,Oakland Athletics,O.co Coliseum,1662211,95,93,OAK,OAK,OAK
2019,NL,PHI,PHI,E,4,162,81,81,81,N,N,N,N,774,5571,1369,311,26,215,562,1453,78,18,57,34,794,731,4.53,3,7,36,4361,1452,258,546,1392,97,136,0.984,Philadelphia Phillies,Citizens Bank Park,2727421,102,102,PHI,PHI,PHI
2019,NL,PIT,PIT,C,5,162,81,69,93,N,N,N,N,758,5657,1497,315,38,163,425,1213,64,29,63,34,911,829,5.18,1,6,31,4320,1511,241,584,1443,121,130,0.98,Pittsburgh Pirates,PNC Park,1491439,96,97,PIT,PIT,PIT
2019,NL,SDN,SDP,W,5,162,81,70,92,N,N,N,N,682,5391,1281,224,24,219,504,1581,70,37,55,31,789,732,4.6,0,6,47,4296,1394,215,463,1475,116,100,0.98,San Diego Padres,Petco Park,2396399,95,96,SDP,SDN,SDN
2019,AL,SEA,SEA,W,5,162,81,68,94,N,N,N,N,758,5500,1305,254,28,239,588,1581,115,47,58,37,893,798,4.99,3,4,34,4318,1484,260,505,1239,132,145,0.978,Seattle Mariners,T-Mobile Park,1791863,93,94,SEA,SEA,SEA
2019,NL,SFN,SFG,W,3,162,81,77,85,N,N,N,N,678,5579,1332,300,26,167,475,1435,47,28,50,42,773,715,4.38,1,8,41,4407,1395,227,519,1368,90,142,0.985,San Francisco Giants,Oracle Park,2707760,94,95,SFG,SFN,SFN
2019,NL,SLN,STL,C,1,162,81,91,71,Y,N,N,N,764,5449,1336,246,24,210,561,1420,116,29,76,39,662,609,3.8,1,14,52,4332,1284,191,545,1399,66,168,0.989,St. Louis Cardinals,Busch Stadium III,3480393,98,97,STL,SLN,SLN
2019,AL,TBA,TBD,E,2,162,81,96,66,N,Y,N,N,769,5628,1427,291,29,217,542,1493,94,37,73,34,656,598,3.65,0,12,46,4423,1274,181,453,1621,87,126,0.985,Tampa Bay Rays,Tropicana Field,1178735,97,96,TBR,TBA,TBA
2019,AL,TEX,TEX,W,3,162,81,78,84,N,N,N,N,810,5540,1374,296,24,223,534,1578,131,38,67,44,878,808,5.06,4,9,33,4314,1515,241,583,1379,105,143,0.982,Texas Rangers,Globe Life Park in Arlington,2132994,111,112,TEX,TEX,TEX
2019,AL,TOR,TOR,E,4,162,81,67,95,N,N,N,N,726,5493,1299,270,21,247,509,1514,51,20,45,28,828,767,4.79,1,7,33,4321,1450,228,604,1332,96,141,0.984,Toronto Blue Jays,Rogers Centre,1750114,97,98,TOR,TOR,TOR
2019,NL,WAS,WSN,E,2,162,81,93,69,N,Y,Y,Y,873,5512,1460,298,27,231,584,1308,116,29,81,42,724,683,4.27,1,13,40,4318,1340,202,517,1511,87,111,0.985,Washington Nationals,Nationals Park,2259781,106,104,WSN,MON,WAS
2020,NL,ARI,ARI,W,5,60,30,25,35,N,N,N,N,269,1997,482,101,12,58,181,461,23,7,36,23,295,279,4.84,0,0,13,1555,506,93,235,524,35,54,0.983,Arizona Diamondbacks,Chase Field,0,102,102,ARI,ARI,ARI
2020,NL,ATL,ATL,E,1,60,30,35,25,Y,N,N,N,348,2074,556,130,3,103,239,573,23,4,23,7,288,257,4.41,0,0,13,1573,494,69,220,506,33,52,0.985,Atlanta Braves,SunTrust Park,0,107,106,ATL,ATL,ATL
2020,AL,BAL,BAL,E,4,60,33,25,35,N,N,N,N,274,2026,523,102,7,77,164,514,19,14,27,10,294,260,4.51,0,0,11,1556,489,79,192,487,43,42,0.98,Baltimore Orioles,Oriole Park at Camden Yards,0,100,102,BAL,BAL,BAL
2020,AL,BOS,BOS,E,5,60,31,24,36,N,N,N,N,292,2083,552,118,7,81,187,545,31,9,21,9,351,325,5.58,0,0,14,1572,587,98,252,537,45,59,0.979,Boston Red Sox,Fenway Park II,0,105,105,BOS,BOS,BOS
2020,AL,CHA,CHW,C,2,60,30,35,25,N,Y,N,N,306,2047,534,94,6,96,179,571,20,8,24,13,246,223,3.81,1,1,13,1581,448,71,217,523,38,48,0.982,Chicago White Sox,Guaranteed Rate Field,0,99,100,CHW,CHA,CHA
2020,NL,CHN,CHC,C,1,60,33,34,26,Y,N,N,N,265,1918,422,82,8,74,229,568,24,10,52,13,240,230,3.99,2,2,16,1555,451,74,182,523,30,46,0.986,Chicago Cubs,Wrigley Field,0,100,99,CHC,CHN,CHN
2020,NL,CIN,CIN,C,2,60,29,31,29,N,Y,N,N,243,1842,390,76,3,90,239,534,28,9,33,7,243,215,3.84,3,2,9,1512,401,67,213,615,27,36,0.986,Cincinnati Reds,Great American Ball Park,0,106,106,CIN,CIN,CIN
2020,AL,CLE,CLE,C,2,60,30,35,25,N,Y,N,N,248,1959,446,96,5,59,239,517,25,10,24,16,209,196,3.29,1,0,20,1608,440,68,157,621,30,46,0.986,Cleveland Indians,Progressive Field,0,104,103,CLE,CLE,CLE
2020,NL,COL,COL,W,4,60,30,26,34,N,N,N,N,275,2057,528,84,16,63,161,543,42,9,10,19,353,327,5.59,1,0,16,1579,579,83,205,393,42,78,0.981,Colorado Rockies,Coors Field,0,116,117,COL,COL,COL
2020,AL,DET,DET,C,5,58,27,23,35,N,N,N,N,249,1893,463,78,12,62,147,567,19,6,19,14,318,308,5.63,1,0,11,1477,511,91,192,444,27,46,0.987,Detroit Tigers,Comerica Park,0,102,105,DET,DET,DET
2020,AL,HOU,HOU,W,2,60,28,29,31,N,Y,N,N,279,1992,478,103,12,69,192,440,22,11,23,13,275,251,4.31,0,0,16,1572,472,70,217,526,20,48,0.991,Houston Astros,Minute Maid Park,0,103,101,HOU,HOU,HOU
2020,AL,KCA,KCR,C,4,60,30,26,34,N,N,N,N,248,1988,485,97,7,68,172,527,49,20,18,10,272,247,4.3,1,1,19,1551,500,76,211,517,31,62,0.985,Kansas City Royals,Kauffman Stadium,0,102,103,KCR,KCA,KCA
2020,AL,LAA,ANA,W,4,60,31,26,34,N,N,N,N,294,2020,501,97,8,85,239,490,21,8,25,18,321,297,5.09,1,0,12,1576,492,82,199,523,36,36,0.983,Los Angeles Angels of Anaheim,Angel Stadium of Anaheim,0,100,101,LAA,ANA,ANA
2020,NL,LAN,LAD,W,1,60,30,43,17,Y,N,Y,Y,349,2042,523,97,6,118,228,471,29,8,30,12,213,181,3.02,0,0,15,1616,424,66,145,517,40,46,0.982,Los Angeles Dodgers,Dodger Stadium,0,97,94,LAD,LAN,LAN
2020,NL,MIA,FLA,E,2,60,26,31,29,N,Y,N,N,263,1935,472,82,5,60,191,537,51,14,25,9,304,272,4.86,1,0,18,1512,506,82,226,451,39,60,0.981,Miami Marlins,Marlins Park,0,97,99,MIA,FLO,MIA
2020,NL,MIL,MIL,C,4,60,29,29,31,N,Y,N,N,247,1920,429,83,5,75,221,582,15,11,35,10,264,239,4.16,1,0,14,1552,446,67,189,614,34,45,0.984,Milwaukee Brewers,Miller Park,0,101,101,MIL,ML4,MIL
2020,AL,MIN,MIN,C,1,60,31,36,24,Y,N,N,N,269,1937,468,81,3,91,186,528,14,7,29,14,215,204,3.58,0,0,17,1540,448,62,170,535,20,39,0.99,Minnesota Twins,Target Field,0,99,98,MIN,MIN,MIN
2020,AL,NYA,NYY,E,2,60,31,33,27,N,Y,N,N,315,1915,473,87,7,94,251,480,27,7,30,11,270,242,4.35,2,1,14,1502,455,83,168,528,48,37,0.976,New York Yankees,Yankee Stadium III,0,98,96,NYY,NYA,NYA
2020,NL,NYN,NYM,E,4,60,29,26,34,N,N,N,N,286,2023,551,106,7,86,197,498,20,10,45,13,308,284,4.98,0,0,11,1540,511,81,219,574,32,39,0.985,New York Mets,Citi Field,0,94,94,NYM,NYN,NYN
2020,AL,OAK,OAK,W,1,60,32,36,24,Y,N,N,N,274,1908,430,91,11,71,238,524,26,3,39,14,232,216,3.77,1,1,17,1546,471,69,165,506,26,33,0.987,Oakland Athletics,O.co Coliseum,0,94,93,OAK,OAK,OAK
2020,NL,PHI,PHI,E,3,60,32,28,32,N,N,N,N,306,1948,500,90,10,82,229,480,35,8,28,10,311,284,5.14,3,2,11,1491,550,80,185,532,35,57,0.983,Philadelphia Phillies,Citizens Bank Park,0,101,101,PHI,PHI,PHI
2020,NL,PIT,PIT,C,5,60,32,19,41,N,N,N,N,219,1932,425,76,6,59,167,521,16,11,11,15,298,267,4.68,1,0,6,1539,451,80,249,536,47,53,0.978,Pittsburgh Pirates,PNC Park,0,97,99,PIT,PIT,PIT
2020,NL,SDN,SDP,W,2,60,32,37,23,N,Y,N,N,325,1972,506,103,12,95,204,479,55,13,28,14,241,223,3.86,1,1,13,1561,456,70,170,565,32,46,0.985,San Diego Padres,Petco Park,0,94,95,SDP,SDN,SDN
2020,AL,SEA,SEA,W,3,60,24,27,33,N,N,N,N,254,1929,435,88,5,60,207,545,50,16,30,12,303,289,5.03,1,0,15,1550,482,79,230,469,23,48,0.989,Seattle Mariners,T-Mobile Park,0,94,95,SEA,SEA,SEA
2020,NL,SFN,SFG,W,3,60,33,29,31,N,N,N,N,299,2019,532,107,14,81,195,499,19,8,27,13,297,267,4.64,1,0,13,1553,474,69,210,488,41,43,0.98,San Francisco Giants,Oracle Park,0,94,95,SFG,SFN,SFN
2020,NL,SLN,STL,C,3,58,27,30,28,N,Y,N,N,240,1752,410,73,7,51,205,477,18,10,33,16,229,205,3.9,2,0,13,1419,376,69,204,464,33,46,0.983,St. Louis Cardinals,Busch Stadium III,0,97,96,STL,SLN,SLN
2020,AL,TBA,TBD,E,1,60,29,40,20,Y,N,Y,N,289,1975,470,105,12,80,243,608,48,9,28,14,229,209,3.56,0,0,23,1583,475,70,168,552,33,52,0.985,Tampa Bay Rays,Tropicana Field,0,96,95,TBR,TBA,TBA
2020,AL,TEX,TEX,W,5,60,30,22,38,N,N,N,N,224,1936,420,80,9,62,167,548,49,14,24,18,312,288,5.02,2,1,10,1550,479,81,236,489,40,40,0.981,Texas Rangers,Globe Life Field,0,102,102,TEX,TEX,TEX
2020,AL,TOR,TOR,E,3,60,26,32,28,N,Y,N,N,302,2023,516,104,4,88,203,508,33,6,12,14,312,268,4.6,0,0,17,1574,517,81,250,519,38,47,0.982,Toronto Blue Jays,Sahlen Field,0,100,99,TOR,TOR,TOR
2020,NL,WAS,WSN,E,4,60,33,26,34,N,N,N,N,293,1968,519,112,12,66,192,451,33,12,32,21,301,285,5.09,2,0,12,1511,548,94,216,508,39,48,0.981,Washington Nationals,Nationals Park,0,103,102,WSN,MON,WAS
2021,NL,ARI,ARI,W,5,162,81,52,110,N,N,N,N,679,5489,1297,308,31,144,537,1465,43,16,54,28,893,804,5.11,3,4,22,4252,1480,232,555,1238,100,113,0.983,Arizona Diamondbacks,Chase Field,1043010,99,101,ARI,ARI,ARI
2021,NL,ATL,ATL,E,1,161,80,88,73,Y,N,Y,Y,790,5363,1307,269,20,239,549,1453,59,19,67,43,656,608,3.88,2,18,40,4232,1237,183,516,1417,71,104,0.988,Atlanta Braves,SunTrust Park,2300247,107,105,ATL,ATL,ATL
2021,AL,BAL,BAL,E,5,162,81,52,110,N,N,N,N,659,5420,1296,266,15,195,451,1454,54,23,65,31,956,910,5.84,1,5,26,4206,1518,258,563,1234,74,101,0.987,Baltimore Orioles,Oriole Park at Camden Yards,793229,103,105,BAL,BAL,BAL
2021,AL,BOS,BOS,E,2,162,81,92,70,N,Y,N,N,829,5495,1434,330,23,219,512,1386,40,21,61,42,749,671,4.26,0,7,49,4257,1409,176,546,1527,108,143,0.981,Boston Red Sox,Fenway Park II,1725323,109,109,BOS,BOS,BOS
2021,AL,CHA,CHW,C,1,162,81,93,69,Y,N,N,N,796,5357,1373,275,22,190,586,1389,57,20,78,39,636,581,3.73,4,13,43,4210,1205,182,485,1588,97,112,0.982,Chicago White Sox,Guaranteed Rate Field,1596385,101,100,CHW,CHA,CHA
2021,NL,CHN,CHC,C,4,162,81,71,91,N,N,N,N,705,5306,1255,225,26,210,502,1596,86,37,92,30,839,765,4.87,1,8,40,4238,1386,235,596,1358,87,149,0.985,Chicago Cubs,Wrigley Field,1978934,100,101,CHC,CHN,CHN
2021,NL,CIN,CIN,C,3,162,81,83,79,N,N,N,N,786,5423,1352,295,13,222,553,1425,36,24,105,45,760,702,4.4,1,8,41,4303,1330,206,617,1524,91,124,0.984,Cincinnati Reds,Great American Ball Park,1505024,113,113,CIN,CIN,CIN
2021,AL,CLE,CLE,C,2,162,81,80,82,N,N,N,N,717,5332,1269,248,22,203,453,1387,109,17,64,36,727,679,4.34,0,9,39,4224,1281,216,522,1391,86,138,0.985,Cleveland Indians,Progressive Field,1114368,101,101,CLE,CLE,CLE
2021,NL,COL,COL,W,4,161,81,74,87,N,N,N,N,739,5374,1338,275,34,182,491,1356,76,23,58,36,796,748,4.82,3,6,33,4191,1397,196,539,1269,73,140,0.987,Colorado Rockies,Coors Field,1938645,112,113,COL,COL,COL
2021,AL,DET,DET,C,3,162,81,77,85,N,N,N,N,697,5376,1299,236,37,179,490,1514,88,25,44,50,756,681,4.32,2,7,42,4259,1370,199,571,1259,83,136,0.986,Detroit Tigers,Comerica Park,1102621,96,98,DET,DET,DET
2021,AL,HOU,HOU,W,1,162,81,95,67,Y,N,Y,N,863,5593,1496,299,14,221,569,1222,53,16,64,54,658,607,3.78,2,8,34,4335,1231,187,549,1456,69,126,0.988,Houston Astros,Minute Maid Park,2068509,101,99,HOU,HOU,HOU
2021,AL,KCA,KCR,C,4,162,81,74,88,N,N,N,N,686,5427,1349,251,29,163,421,1258,124,33,55,52,788,731,4.64,1,7,37,4252,1375,189,591,1344,84,152,0.985,Kansas City Royals,Kauffman Stadium,1159613,105,106,KCR,KCA,KCA
2021,AL,LAA,ANA,W,4,162,82,77,85,N,N,N,N,723,5437,1331,265,23,190,464,1394,79,26,59,25,804,741,4.69,1,4,39,4265,1373,188,592,1453,88,131,0.985,Los Angeles Angels of Anaheim,Angel Stadium of Anaheim,1515689,102,103,LAA,ANA,ANA
2021,NL,LAN,LAD,W,2,162,81,106,56,N,Y,N,N,830,5445,1330,247,24,237,613,1408,65,17,104,45,561,486,3.01,1,17,56,4356,1107,161,486,1599,89,94,0.985,Los Angeles Dodgers,Dodger Stadium,2804693,100,97,LAD,LAN,LAN
2021,NL,MIA,FLA,E,4,162,81,67,95,N,N,N,N,623,5348,1244,226,23,158,450,1553,106,29,65,30,701,622,3.96,1,8,33,4245,1282,162,529,1381,122,146,0.979,Miami Marlins,Marlins Park,642617,98,99,MIA,FLO,MIA
2021,NL,MIL,MIL,C,1,162,81,95,67,Y,N,N,N,738,5362,1251,255,18,194,586,1465,82,21,88,35,623,558,3.5,2,19,44,4308,1156,168,537,1618,94,102,0.984,Milwaukee Brewers,Miller Park,1824282,101,101,MIL,ML4,MIL
2021,AL,MIN,MIN,C,5,162,81,73,89,N,N,N,N,729,5431,1311,271,17,228,525,1405,54,15,70,42,834,762,4.83,1,9,42,4258,1392,239,484,1317,107,138,0.982,Minnesota Twins,Target Field,1310199,98,98,MIN,MIN,MIN
2021,AL,NYA,NYY,E,2,162,81,92,70,N,Y,N,N,711,5331,1266,213,12,222,621,1482,63,18,63,34,669,596,3.74,3,13,47,4306,1243,196,492,1569,98,112,0.983,New York Yankees,Yankee Stadium III,1959854,100,99,NYY,NYA,NYA
2021,NL,NYN,NYM,E,3,162,81,77,85,N,N,N,N,636,5210,1243,228,18,176,495,1392,54,26,94,23,668,597,3.9,2,8,41,4138,1221,190,475,1453,95,121,0.983,New York Mets,Citi Field,1511926,95,95,NYM,NYN,NYN
2021,AL,OAK,OAK,W,3,162,81,86,76,N,N,N,N,743,5395,1284,271,19,199,545,1349,88,20,98,49,687,640,4.02,3,11,39,4299,1362,191,439,1332,72,116,0.987,Oakland Athletics,O.co Coliseum,701430,95,94,OAK,OAK,OAK
2021,NL,PHI,PHI,E,2,162,81,82,80,N,N,N,N,734,5366,1288,262,24,198,564,1402,77,19,67,43,745,692,4.39,5,12,36,4256,1321,200,509,1480,94,142,0.984,Philadelphia Phillies,Citizens Bank Park,1515890,99,99,PHI,PHI,PHI
2021,NL,PIT,PIT,C,5,162,81,61,101,N,N,N,N,609,5336,1261,240,35,124,529,1328,60,30,49,37,833,788,5.08,0,6,25,4189,1400,213,606,1312,70,139,0.988,Pittsburgh Pirates,PNC Park,859498,98,100,PIT,PIT,PIT
2021,NL,SDN,SDP,W,3,162,81,79,83,N,N,N,N,729,5384,1305,273,21,180,586,1324,110,39,61,46,708,651,4.1,2,11,43,4290,1277,205,516,1517,82,139,0.986,San Diego Padres,Petco Park,2191950,92,92,SDP,SDN,SDN
2021,AL,SEA,SEA,W,2,162,81,90,72,N,N,N,N,697,5355,1209,233,11,199,535,1492,64,24,72,36,748,688,4.3,1,10,51,4321,1356,197,485,1328,79,135,0.986,Seattle Mariners,T-Mobile Park,1215985,95,96,SEA,SEA,SEA
2021,NL,SFN,SFG,W,1,162,81,107,55,Y,N,N,N,804,5462,1360,271,25,241,602,1461,66,14,64,30,594,524,3.24,2,18,56,4365,1254,151,416,1425,80,122,0.986,San Francisco Giants,Oracle Park,1679484,98,97,SFG,SFN,SFN
2021,NL,SLN,STL,C,2,162,81,90,72,N,Y,N,N,706,5351,1303,261,22,198,478,1341,89,22,86,44,672,626,3.98,3,15,50,4251,1234,152,608,1225,84,137,0.986,St. Louis Cardinals,Busch Stadium III,2102530,92,92,STL,SLN,SLN
2021,AL,TBA,TBD,E,1,162,81,100,62,Y,N,N,N,857,5507,1336,288,36,222,585,1542,88,42,72,41,651,593,3.67,1,13,42,4367,1264,184,436,1478,80,130,0.986,Tampa Bay Rays,Tropicana Field,761072,92,91,TBR,TBA,TBA
2021,AL,TEX,TEX,W,5,162,81,60,102,N,N,N,N,625,5405,1254,225,24,167,433,1381,106,29,58,31,815,758,4.79,0,3,31,4273,1402,232,513,1239,83,146,0.986,Texas Rangers,Globe Life Field,2110258,99,101,TEX,TEX,TEX
2021,AL,TOR,TOR,E,4,162,80,91,71,N,N,N,N,846,5476,1455,285,13,262,496,1218,81,20,51,35,663,610,3.91,1,14,34,4216,1257,209,473,1468,90,122,0.984,Toronto Blue Jays,Sahlen Field,805901,102,101,TOR,TOR,TOR
2021,NL,WAS,WSN,E,5,162,81,65,97,N,N,N,N,724,5385,1388,272,20,182,573,1303,56,26,84,31,820,743,4.8,1,8,36,4183,1364,247,548,1346,96,116,0.983,Washington Nationals,Nationals Park,1465543,95,96,WSN,MON,WAS
